Precio,Cambio,Potencia,Año,kilometraje,Diésel,Eléctrico,Gasolina,Hybrid
11999,0,75,2017,67000,False,False,True,False
5499,0,110,2010,200000,True,False,False,False
14890,0,110,2018,66258,True,False,False,False
20990,0,130,2016,84258,True,False,False,False
11500,0,90,2017,91975,True,False,False,False
14099,0,90,2018,18669,True,False,False,False
9999,0,73,2017,131208,False,False,True,False
15990,0,101,2020,54984,False,False,False,False
9999,0,90,2015,96940,False,False,True,False
10599,0,73,2016,65714,False,False,True,False
10299,0,90,2013,67871,False,False,True,False
10399,0,115,2014,53591,False,False,True,False
14199,0,90,2016,14175,False,False,True,False
16099,0,101,2020,16105,False,False,True,False
17199,0,90,2019,23518,True,False,False,False
12299,1,120,2014,97986,False,False,True,False
10899,0,90,2015,95459,False,False,True,False
9599,0,90,2013,98511,True,False,False,False
17699,0,140,2019,36194,False,False,True,False
15399,0,130,2016,125645,False,False,True,False
18699,0,91,2021,11347,False,False,True,False
8199,0,90,2015,140006,False,False,True,False
15799,0,130,2018,48949,False,False,True,False
12500,0,115,2019,75000,True,False,False,False
20999,0,140,2019,63563,False,False,True,False
9990,0,75,2017,144172,True,False,False,False
1490,0,65,2003,196665,True,False,False,False
1990,0,80,2004,110249,True,False,False,False
8799,0,90,2014,142863,True,False,False,False
21599,1,160,2017,92758,True,False,False,False
21499,1,150,2020,48719,True,False,False,False
19999,0,116,2021,84203,True,False,False,False
21399,0,140,2019,12350,False,False,True,False
6150,0,110,2012,209614,True,False,False,False
14499,0,132,2017,67077,False,False,True,False
17799,0,116,2019,62475,True,False,False,False
14199,0,132,2016,91010,False,False,True,False
18899,1,130,2017,51147,False,False,True,False
14999,0,132,2016,71008,False,False,True,False
15499,0,130,2017,103095,True,False,False,False
16499,0,110,2017,45902,True,False,False,False
15399,1,110,2015,115589,True,False,False,False
13899,0,90,2018,154810,True,False,False,False
10799,0,75,2017,75294,True,False,False,False
17099,0,116,2019,45653,True,False,False,False
14299,0,132,2017,101633,False,False,True,False
18799,0,116,2019,33045,False,False,True,False
5599,0,88,2011,127413,True,False,False,False
20199,0,140,2019,70792,False,False,True,False
16599,1,160,2015,151353,True,False,False,False
16199,1,132,2017,46302,False,False,True,False
17799,1,132,2018,48380,False,False,True,False
18099,1,160,2016,120836,True,False,False,False
6150,0,110,2012,209614,True,False,False,False
8099,0,75,2014,70300,False,False,True,False
9499,0,73,2015,91593,False,False,True,False
19599,0,130,2018,53873,True,False,False,False
10999,0,132,2014,99923,False,False,True,False
22499,1,160,2017,126350,True,False,False,False
6899,0,88,2011,121855,True,False,False,False
17299,0,110,2017,91664,True,False,False,False
17199,0,132,2017,111421,False,False,True,False
15490,0,90,2019,81530,False,False,True,False
8900,0,90,2015,112197,True,False,False,False
2950,0,115,2003,130000,False,False,True,False
13500,0,75,2020,6000,False,False,True,False
9399,0,75,2017,110139,True,False,False,False
10499,0,115,2015,78363,False,False,True,False
6000,1,110,2006,168000,False,False,False,False
11599,0,90,2017,72792,False,False,True,False
4400,0,120,2005,156000,True,False,False,False
21799,1,205,2018,57917,False,False,True,False
3200,0,65,2003,227000,True,False,False,False
10299,0,90,2017,159904,True,False,False,False
18399,1,131,2020,18677,False,False,True,False
20499,1,140,2019,87636,False,False,True,False
10890,0,225,2008,147000,False,False,True,False
13990,0,90,2019,78600,False,False,True,False
4200,0,100,2004,126000,True,False,False,False
5400,0,120,2005,205000,True,False,False,False
11400,0,175,2008,110000,True,False,False,False
18099,0,165,2018,64547,False,False,True,False
8490,0,90,2017,153300,True,False,False,False
23499,0,177,2017,79273,True,False,False,False
11990,0,110,2017,130000,True,False,False,False
4200,0,65,2005,178900,True,False,False,False
3200,0,120,2005,219000,True,False,False,False
14100,0,90,2019,72589,False,False,True,False
4400,0,135,2004,189000,False,False,True,False
10399,0,90,2015,97551,False,False,True,False
14990,0,130,2017,122500,True,False,False,False
8400,0,110,2013,169000,True,False,False,False
9000,0,75,2015,83380,True,False,False,False
9091,0,75,2015,58300,True,False,False,False
13095,0,110,2018,91350,True,False,False,False
8272,0,75,2015,104650,True,False,False,False
19990,0,115,2021,49643,True,False,False,False
22800,0,90,2022,5100,False,False,True,False
22800,0,90,2022,9018,False,False,True,False
22800,0,90,2022,7877,False,False,True,False
12590,0,75,2017,55000,True,False,False,False
8700,0,75,2015,130000,True,False,False,False
15600,1,130,2019,145622,True,False,False,False
21900,1,160,2016,182000,True,False,False,False
10628,0,75,2016,80900,True,False,False,False
10450,0,150,2008,208000,True,False,False,False
22580,0,140,2021,11795,False,False,True,False
17990,1,110,2018,81016,True,False,False,False
20280,1,115,2020,71293,True,False,False,False
9728,0,80,2015,87470,True,False,False,False
14527,0,90,2016,40000,False,False,True,False
11500,0,75,2018,91168,True,False,False,False
11500,0,75,2018,91168,True,False,False,False
13900,0,110,2017,130910,True,False,False,False
13900,0,110,2017,130910,True,False,False,False
10900,1,90,2018,122925,True,False,False,False
21809,1,108,2020,25914,False,True,False,False
20809,1,70,2020,26374,False,True,False,False
10900,1,90,2018,122925,True,False,False,False
9900,0,110,2014,158000,True,False,False,False
15830,0,130,2017,123200,False,False,True,False
11627,0,90,2019,69556,False,False,True,False
11900,0,110,2013,154000,True,False,False,False
10509,0,90,2019,99000,False,False,True,False
11627,0,90,2018,91513,False,False,True,False
7300,0,75,2015,159250,True,False,False,False
14180,0,90,2019,82162,False,False,True,False
13536,0,90,2019,99000,False,False,True,False
13780,0,90,2019,87136,False,False,True,False
10890,0,75,2019,72000,True,False,False,False
10490,0,75,2019,77452,True,False,False,False
10490,0,75,2019,73250,True,False,False,False
10490,0,75,2019,112000,True,False,False,False
13990,1,110,2018,114051,True,False,False,False
16690,0,130,2016,127000,True,False,False,False
8900,0,175,2009,258000,True,False,False,False
14500,0,110,2018,111000,True,False,False,False
8900,0,75,2017,89900,True,False,False,False
17038,0,130,2015,90062,True,False,False,False
17825,0,90,2019,45628,True,False,False,False
13400,0,90,2019,113102,True,False,False,False
21409,0,115,2020,35900,True,False,False,False
13536,0,115,2019,91388,True,False,False,False
14445,0,130,2019,79000,False,False,True,False
15354,0,130,2019,79000,False,False,True,False
11990,0,95,2019,129852,True,False,False,False
12590,0,95,2018,112562,True,False,False,False
12490,0,95,2019,109000,True,False,False,False
12490,0,95,2019,100523,True,False,False,False
9990,0,75,2018,115423,True,False,False,False
15780,0,110,2017,31079,True,False,False,False
11900,0,110,2013,147000,True,False,False,False
12590,0,95,2019,104236,True,False,False,False
10900,0,110,2013,178000,True,False,False,False
10900,0,90,2013,140000,True,False,False,False
18055,0,130,2018,55622,True,False,False,False
20700,0,140,2019,21678,False,False,True,False
16560,0,90,2017,82038,True,False,False,False
9990,0,71,2018,61620,False,False,True,False
8890,0,90,2014,287761,True,False,False,False
18081,0,140,2019,94250,False,False,True,False
8419,0,110,2011,134082,True,False,False,False
3100,0,105,2009,267000,True,False,False,False
14875,0,120,2017,87850,False,False,True,False
17263,1,150,2020,85625,False,False,True,False
17172,1,150,2019,95000,False,False,True,False
12900,0,110,2013,100000,True,False,False,False
12900,0,90,2009,232000,True,False,False,False
17263,1,150,2020,78000,False,False,True,False
15900,0,130,2016,98000,True,False,False,False
11900,0,130,2013,177000,True,False,False,False
12900,0,90,2009,232000,True,False,False,False
17990,1,110,2017,89029,True,False,False,False
18975,0,110,2017,57442,True,False,False,False
13790,0,115,2019,104235,True,False,False,False
11900,0,90,2015,140000,False,False,True,False
10990,0,75,2018,54845,True,False,False,False
8677,0,90,2017,148000,True,False,False,False
7990,0,110,2013,124000,False,False,True,False
14800,0,110,2018,91591,True,False,False,False
5890,0,90,2011,198400,True,False,False,False
16446,0,95,2018,113000,True,False,False,False
17080,0,130,2017,143790,True,False,False,False
17272,0,120,2019,80000,True,False,False,False
7200,0,172,2000,137000,False,False,True,False
6500,0,100,2007,255484,True,False,False,False
2200,0,105,2006,220000,True,False,False,False
1100,0,80,2005,194000,True,False,False,False
4500,1,130,2008,188000,True,False,False,False
1800,0,105,2007,214000,True,False,False,False
3500,0,90,2012,282615,True,False,False,False
16999,0,125,2017,173000,True,False,False,False
5200,0,130,2010,162000,True,False,False,False
2500,0,60,1998,100000,False,False,True,False
2099,0,120,2004,197000,True,False,False,False
3499,0,130,2007,140000,True,False,False,False
15399,0,110,2018,74526,True,False,False,False
16700,0,101,2021,18700,False,False,False,False
1300,0,120,2003,170000,True,False,False,False
3200,1,150,2008,270000,True,False,False,False
11000,0,75,2015,58000,True,False,False,False
2300,0,75,2005,225000,False,False,True,False
10365,0,75,2016,51000,True,False,False,False
8909,0,75,2015,52100,True,False,False,False
9000,0,115,2014,174000,False,False,True,False
9990,0,90,2015,100700,True,False,False,False
13975,0,90,2018,92520,True,False,False,False
14690,0,130,2017,171000,True,False,False,False
12900,0,75,2018,55699,True,False,False,False
7500,0,110,2012,150500,True,False,False,False
2300,0,75,2005,225000,False,False,True,False
2800,0,105,2002,50000,True,False,False,False
6900,0,75,2013,36000,False,False,True,False
1150,0,105,2002,149000,True,False,False,False
11900,0,110,2017,170000,True,False,False,False
8990,0,110,2014,140000,True,False,False,False
2999,0,150,2007,260000,True,False,False,False
5499,0,75,2013,123000,True,False,False,False
3770,0,105,2007,165700,True,False,False,False
14890,0,130,2017,87159,False,False,True,False
14890,0,130,2017,87159,False,False,True,False
1720,0,85,2008,225280,True,False,False,False
2370,0,70,2009,225988,True,False,False,False
2800,0,130,2007,240000,True,False,False,False
16900,0,115,2019,79000,False,False,True,False
11900,0,90,2017,135000,True,False,False,False
7490,0,75,2015,140000,True,False,False,False
2000,0,105,2006,260000,True,False,False,False
5700,0,110,2013,230000,True,False,False,False
1900,0,70,2005,263000,True,False,False,False
22990,0,120,2020,51268,True,False,False,False
7490,0,75,2015,140000,True,False,False,False
2000,0,110,2000,216000,True,False,False,False
2200,0,105,2002,148500,True,False,False,False
16000,0,101,2020,35000,False,False,False,False
3500,0,110,2007,172000,False,False,True,False
1800,0,120,2006,247000,True,False,False,False
4950,0,75,2006,52000,False,False,True,False
2300,0,105,2007,195000,True,False,False,False
4200,0,68,2011,160000,True,False,False,False
6500,0,90,2013,240000,True,False,False,False
15490,0,91,2021,34199,False,False,True,False
11490,0,110,2015,114243,True,False,False,False
2650,0,150,2006,183000,True,False,False,False
5300,0,105,2007,83000,True,False,False,False
12690,0,90,2019,136304,True,False,False,False
11490,0,75,2019,101145,True,False,False,False
13940,0,110,2017,104338,True,False,False,False
12590,0,75,2017,45690,True,False,False,False
15490,0,130,2017,119348,True,False,False,False
2000,0,105,2009,190000,True,False,False,False
21800,1,160,2017,107935,True,False,False,False
1490,0,105,2003,222405,True,False,False,False
1490,1,115,2003,205892,False,False,True,False
16490,0,90,2019,72580,True,False,False,False
1450,0,80,2004,223726,True,False,False,False
2800,0,70,2007,289000,True,False,False,False
1730,0,80,2004,174493,True,False,False,False
2000,0,105,2009,190000,True,False,False,False
17990,0,100,2019,26149,False,False,True,False
2100,0,100,2005,178000,True,False,False,False
16490,0,90,2019,16262,False,False,True,False
10890,0,75,2018,59131,True,False,False,False
11390,0,90,2019,82047,True,False,False,False
10490,0,75,2018,87864,True,False,False,False
3799,0,70,2009,244000,True,False,False,False
12800,0,90,2016,91190,False,False,True,False
12800,0,90,2016,91190,False,False,True,False
12420,0,90,2016,142492,True,False,False,False
12420,0,90,2016,142492,True,False,False,False
1499,0,100,2005,250000,True,False,False,False
12990,0,110,2016,135000,True,False,False,False
12990,0,110,2016,135000,True,False,False,False
14490,0,90,2019,94897,False,False,True,False
12820,0,90,2017,89773,False,False,True,False
12820,0,90,2017,89773,False,False,True,False
3300,0,70,2010,230000,True,False,False,False
11900,0,115,2015,86934,False,False,True,False
11900,0,115,2015,86934,False,False,True,False
21990,1,205,2017,59200,False,False,True,False
21990,1,205,2017,59200,False,False,True,False
3500,0,105,2010,255000,True,False,False,False
5500,0,130,2008,283000,True,False,False,False
10850,0,95,2011,58710,True,False,False,False
10990,0,90,2018,95000,False,False,True,False
10850,0,95,2011,58710,True,False,False,False
12900,0,115,2014,96223,False,False,True,False
19000,1,160,2015,122000,True,False,False,False
12900,0,115,2014,96223,False,False,True,False
4500,0,65,2003,88645,True,False,False,False
12420,0,90,2018,26327,False,False,True,False
12420,0,90,2018,26327,False,False,True,False
7999,0,95,2012,125141,True,False,False,False
12399,0,90,2015,45204,False,False,True,False
15990,0,115,2020,9998,True,False,False,False
18490,1,160,2016,142466,True,False,False,False
11990,0,100,2017,96797,False,False,True,False
7399,0,75,2014,84552,False,False,True,False
11199,0,90,2016,63248,False,False,True,False
1600,0,120,2004,24000,True,False,False,False
11000,0,75,2015,58000,True,False,False,False
18490,1,160,2016,142466,True,False,False,False
11990,0,100,2017,96797,False,False,True,False
2900,0,100,2006,179000,False,False,True,False
2499,0,105,2006,266000,True,False,False,False
3200,0,100,2005,165000,True,False,False,False
11000,0,75,2015,58000,True,False,False,False
10599,0,90,2015,109451,False,False,True,False
9999,0,110,2014,110668,True,False,False,False
10990,0,76,2019,91570,False,False,True,False
12190,0,85,2019,109450,True,False,False,False
11490,0,75,2019,81100,True,False,False,False
10990,0,75,2019,101100,True,False,False,False
10790,0,75,2019,117600,True,False,False,False
17980,0,110,2018,117800,True,False,False,False
10990,0,75,2019,110900,True,False,False,False
15480,0,90,2016,95500,True,False,False,False
21450,0,115,2019,98800,True,False,False,False
18290,0,115,2019,56200,True,False,False,False
14699,0,132,2016,61637,False,False,True,False
17599,0,116,2019,47888,True,False,False,False
16499,0,118,2018,36467,False,False,True,False
18799,0,130,2017,118407,True,False,False,False
15999,0,130,2016,82307,True,False,False,False
10599,0,115,2015,98839,False,False,True,False
24900,1,160,2017,50757,True,False,False,False
10899,0,90,2015,53754,False,False,True,False
12999,0,90,2018,33827,False,False,True,False
14799,0,90,2018,24322,False,False,True,False
19499,0,150,2020,36407,True,False,False,False
24900,1,160,2017,50757,True,False,False,False
24900,1,160,2017,50757,True,False,False,False
24900,1,160,2017,50757,True,False,False,False
12600,0,75,2019,84113,True,False,False,False
10500,0,90,2018,79000,True,False,False,False
2500,0,135,2003,133000,False,False,True,False
16990,0,110,2017,91800,True,False,False,False
3800,0,75,2007,229687,False,False,True,False
20490,0,131,2021,13763,False,False,True,False
10999,0,90,2015,95457,True,False,False,False
22460,0,150,2019,100100,True,False,False,False
20299,0,130,2017,25901,False,False,True,False
21399,1,140,2019,34773,False,False,True,False
10800,0,95,2015,89983,True,False,False,False
5000,0,130,2006,217542,True,False,False,False
14490,0,75,2018,59990,True,False,False,False
14490,0,75,2018,59990,True,False,False,False
1000,0,105,2006,270000,True,False,False,False
10500,0,75,2018,128469,True,False,False,False
2290,0,70,2007,146541,True,False,False,False
9199,0,110,2013,131072,True,False,False,False
1950,0,75,2006,183211,False,False,True,False
1550,0,120,2004,138554,True,False,False,False
1690,0,100,2005,196703,True,False,False,False
1490,0,120,2005,253969,True,False,False,False
19299,0,140,2021,19312,False,False,True,False
21500,0,140,2018,76511,False,False,True,False
15800,1,130,2017,129267,False,False,True,False
2499,0,140,2003,269000,False,False,True,False
2990,0,70,2007,199000,True,False,False,False
2990,0,130,2006,217000,True,False,False,False
21940,0,115,2019,75055,True,False,False,False
19980,0,110,2018,75873,True,False,False,False
11599,0,90,2015,106922,False,False,True,False
10599,0,90,2014,144342,True,False,False,False
8299,0,110,2011,102559,True,False,False,False
11699,0,73,2017,14614,False,False,True,False
12299,0,90,2017,134371,True,False,False,False
9500,0,110,2011,65000,True,False,False,False
9199,0,73,2013,32923,False,False,True,False
12599,0,90,2018,28246,False,False,True,False
9799,0,90,2013,53351,False,False,True,False
1000,0,100,2005,243000,True,False,False,False
1650,0,105,2003,200000,True,False,False,False
5500,0,130,2010,210000,True,False,False,False
9899,0,90,2014,83183,False,False,True,False
8399,0,95,2012,115654,True,False,False,False
15499,0,130,2018,65539,False,False,True,False
18990,0,132,2018,65899,False,False,True,False
18499,0,115,2021,10813,False,False,True,False
13599,0,90,2019,33459,False,False,True,False
17299,1,140,2019,53475,False,False,True,False
15399,0,130,2015,52801,False,False,True,False
18199,0,140,2019,48175,False,False,True,False
12100,1,88,2015,41853,False,True,False,False
12200,0,90,2015,103425,False,False,True,False
24900,0,110,2017,37558,True,False,False,False
8990,0,75,2014,132000,True,False,False,False
22850,0,130,2021,23113,False,False,True,False
8990,0,75,2014,132000,True,False,False,False
13290,0,90,2018,96904,True,False,False,False
9890,0,75,2017,68448,True,False,False,False
12650,0,90,2016,98882,False,False,True,False
12900,0,90,2015,146514,True,False,False,False
12100,1,88,2015,41853,False,True,False,False
12200,0,90,2015,103425,False,False,True,False
5950,1,175,2010,204970,True,False,False,False
5950,1,175,2010,204970,True,False,False,False
5950,1,175,2010,204970,True,False,False,False
1200,0,100,2001,193000,False,False,True,False
17480,0,140,2019,86171,False,False,True,False
12650,0,90,2016,98882,False,False,True,False
18599,1,150,2017,42770,False,False,True,False
12900,0,90,2015,146514,True,False,False,False
3190,0,175,2007,255000,True,False,False,False
18399,0,140,2018,63964,False,False,True,False
21099,0,116,2021,13620,True,False,False,False
16299,0,130,2018,121567,False,False,True,False
14499,0,110,2017,112108,True,False,False,False
20699,0,140,2018,61395,False,False,True,False
22850,0,130,2021,23113,False,False,True,False
17480,0,140,2019,86171,False,False,True,False
19999,0,140,2019,45640,False,False,True,False
9651,0,75,2015,77000,False,False,True,False
20490,1,160,2016,116289,True,False,False,False
21500,0,140,2019,81945,False,False,True,False
18388,1,120,2017,12720,False,False,True,False
16390,1,110,2015,101879,True,False,False,False
17537,1,120,2017,95088,False,False,True,False
8899,0,75,2014,55200,True,False,False,False
12990,0,115,2014,58530,False,False,True,False
23870,0,140,2022,17800,False,False,True,False
21473,0,90,2022,13500,False,False,True,False
18388,1,120,2017,12720,False,False,True,False
14199,0,132,2017,50890,False,False,True,False
12699,0,90,2016,72273,False,False,True,False
23799,1,159,2021,11618,False,False,True,False
16799,0,101,2019,54229,False,False,True,False
16390,1,110,2015,101879,True,False,False,False
17537,1,120,2017,95088,False,False,True,False
13423,0,90,2018,19400,False,False,True,False
19800,1,160,2018,97103,True,False,False,False
16735,0,115,2019,60100,True,False,False,False
17658,0,130,2016,67800,True,False,False,False
13490,0,90,2016,99000,False,False,True,False
11990,0,90,2019,82358,False,False,True,False
13490,0,90,2016,99000,False,False,True,False
1699,0,80,2005,202000,True,False,False,False
9099,0,75,2016,108680,True,False,False,False
10400,0,90,2013,120000,False,False,True,False
9900,0,75,2018,140000,True,False,False,False
24990,1,108,2021,9800,False,True,False,False
20780,1,108,2020,35900,False,True,False,False
21690,0,90,2022,14600,False,False,True,False
22577,1,135,2020,51100,False,True,False,False
20780,1,108,2020,40350,False,True,False,False
19790,0,110,2018,85000,True,False,False,False
19393,0,115,2021,35095,True,False,False,False
22900,0,115,2019,39600,True,False,False,False
8900,0,75,2013,73300,False,False,True,False
2000,0,80,2003,127720,True,False,False,False
12599,0,110,2017,134254,True,False,False,False
13640,0,90,2018,47400,False,False,True,False
19490,0,130,2017,47950,True,False,False,False
14915,0,130,2018,75700,False,False,True,False
4990,0,75,2009,119000,False,False,True,False
13423,0,110,2017,85100,True,False,False,False
19205,0,130,2016,57835,True,False,False,False
10900,0,197,2007,185674,False,False,True,False
16990,0,140,2020,20200,False,False,True,False
19205,0,130,2016,57835,True,False,False,False
8399,0,105,2010,91302,True,False,False,False
18607,1,150,2018,40000,False,False,True,False
17900,0,115,2019,113700,True,False,False,False
18705,0,115,2019,83650,True,False,False,False
19890,0,115,2021,15900,True,False,False,False
13799,1,90,2016,65033,True,False,False,False
22067,0,95,2022,25250,True,False,False,False
15999,0,132,2018,82395,False,False,True,False
19290,1,130,2017,68600,True,False,False,False
9500,0,125,2010,300000,True,False,False,False
6900,0,110,2011,191000,False,False,True,False
17930,0,115,2020,50900,True,False,False,False
15137,0,90,2019,70300,False,False,True,False
19198,1,150,2019,35000,False,False,True,False
19001,0,140,2019,42450,False,False,True,False
16217,0,115,2019,77200,False,False,True,False
10390,0,95,2015,98696,True,False,False,False
10390,0,95,2015,98696,True,False,False,False
10390,0,95,2015,98696,True,False,False,False
16990,1,130,2019,24940,False,False,True,False
7990,0,75,2019,112428,True,False,False,False
22990,0,115,2022,4601,True,False,False,False
13899,0,90,2017,43790,False,False,True,False
21199,0,116,2020,19238,True,False,False,False
4000,0,85,2010,243000,True,False,False,False
15390,0,115,2018,29259,False,False,True,False
21880,0,120,2019,28650,True,False,False,False
3500,0,105,2008,210000,True,False,False,False
16299,0,115,2019,42524,True,False,False,False
2250,1,150,2005,227312,True,False,False,False
3400,0,130,2007,290000,True,False,False,False
2800,0,130,2005,198800,True,False,False,False
14990,0,90,2014,64797,False,False,True,False
18500,0,130,2018,36000,False,False,True,False
1200,0,6,1996,94000,False,False,True,False
21990,1,108,2020,20200,False,True,False,False
18688,1,92,2017,49717,False,True,False,False
18688,1,92,2017,49717,False,True,False,False
9000,0,110,2013,117000,True,False,False,False
8990,0,95,2014,94000,True,False,False,False
16990,0,140,2019,36374,False,False,True,False
16990,0,120,2019,91820,True,False,False,False
13490,0,110,2017,80097,True,False,False,False
10990,0,75,2018,81269,True,False,False,False
11990,0,75,2019,44829,True,False,False,False
12900,0,110,2015,118000,True,False,False,False
14900,0,110,2018,128000,True,False,False,False
15780,0,110,2017,31079,True,False,False,False
1900,0,110,2001,241000,False,False,True,False
14527,0,90,2019,42000,False,False,True,False
18500,0,115,2020,44000,True,False,False,False
18900,0,131,2018,157000,True,False,False,False
23403,1,130,2017,41774,True,False,False,False
15490,0,140,2018,133862,False,False,True,False
13495,0,110,2018,64000,True,False,False,False
23099,0,177,2018,68607,True,False,False,False
15350,0,90,2019,41610,False,False,True,False
15350,0,90,2019,41610,False,False,True,False
22885,0,115,2020,28890,True,False,False,False
22885,0,115,2020,28890,True,False,False,False
10900,0,75,2017,91797,True,False,False,False
10900,0,75,2017,91797,True,False,False,False
10900,0,75,2017,91797,True,False,False,False
10900,0,75,2017,91797,True,False,False,False
15490,0,130,2017,119348,True,False,False,False
15490,0,130,2017,119348,True,False,False,False
15490,0,130,2017,119348,True,False,False,False
20885,1,140,2018,99700,False,False,True,False
17990,0,140,2021,11900,False,False,True,False
1950,0,115,2006,256000,False,False,True,False
23590,1,200,2017,54600,False,False,True,False
16500,0,115,2019,90200,True,False,False,False
11088,0,115,2014,61000,False,False,True,False
5999,0,140,2005,39999,False,False,True,False
13331,0,90,2019,54600,True,False,False,False
10990,0,90,2018,58821,False,False,True,False
3500,0,105,2010,212000,True,False,False,False
3500,0,75,2006,249000,False,False,True,False
20000,0,130,2019,19049,False,False,True,False
1800,0,85,2006,203000,True,False,False,False
22490,0,120,2018,102405,True,False,False,False
3900,0,115,2003,86000,False,False,True,False
5999,0,140,2005,43200,False,False,True,False
17590,0,110,2018,37300,True,False,False,False
2800,0,120,2006,250000,True,False,False,False
12790,0,120,2017,105500,False,False,True,False
19890,1,92,2020,18200,False,True,False,False
12300,0,110,2017,100000,True,False,False,False
13628,0,90,2017,97542,True,False,False,False
15990,0,130,2015,25000,False,False,True,False
3500,0,115,2007,280000,True,False,False,False
18860,0,130,2016,67222,True,False,False,False
9990,0,110,2015,101624,True,False,False,False
6570,0,75,2015,167900,True,False,False,False
7438,0,75,2017,129700,True,False,False,False
11490,0,110,2015,114243,True,False,False,False
20800,0,130,2017,113957,True,False,False,False
5500,0,75,2013,265000,True,False,False,False
10990,0,90,2019,125980,True,False,False,False
10500,0,75,2019,104000,True,False,False,False
17825,0,90,2019,45628,True,False,False,False
13360,0,90,2017,64442,True,False,False,False
17995,1,92,2017,63000,False,True,False,False
10490,0,70,2018,63627,False,False,True,False
10490,0,70,2018,63627,False,False,True,False
24890,0,140,2021,27000,False,False,True,False
24245,1,108,2021,28250,False,True,False,False
21620,0,115,2019,43036,True,False,False,False
8058,0,75,2017,135770,True,False,False,False
10250,0,95,2015,95732,True,False,False,False
10250,0,95,2015,95732,True,False,False,False
10250,0,95,2015,95732,True,False,False,False
2900,0,100,2008,157000,False,False,True,False
12990,0,90,2018,134416,True,False,False,False
12990,0,90,2018,134416,True,False,False,False
17900,0,130,2018,80945,False,False,True,False
17900,0,130,2018,80945,False,False,True,False
11900,0,75,2017,63554,True,False,False,False
4799,0,75,2010,145000,False,False,True,False
11900,0,75,2017,63554,True,False,False,False
11900,0,75,2017,63554,True,False,False,False
14709,0,65,2021,19071,False,False,True,False
11900,0,75,2017,63554,True,False,False,False
16990,0,90,2017,35259,False,False,True,False
17825,1,90,2018,65354,True,False,False,False
17825,1,90,2018,65354,True,False,False,False
7500,0,75,2015,15600,True,False,False,False
1990,0,120,2003,200000,True,False,False,False
9950,0,90,2014,96547,True,False,False,False
9950,0,90,2014,96547,True,False,False,False
9950,0,90,2014,96547,True,False,False,False
10990,0,90,2018,73000,False,False,True,False
16990,0,120,2019,61068,True,False,False,False
6500,0,95,2012,158000,True,False,False,False
15180,0,90,2019,83513,True,False,False,False
17990,0,140,2019,38550,False,False,True,False
9000,0,100,2013,270000,True,False,False,False
24400,0,110,2018,87857,True,False,False,False
24400,0,110,2018,87857,True,False,False,False
24400,0,110,2018,87857,True,False,False,False
24400,0,110,2018,87857,True,False,False,False
12880,0,90,2015,106034,False,False,True,False
4500,0,105,2010,243000,True,False,False,False
3799,0,70,2009,244000,True,False,False,False
4200,0,90,2010,243000,True,False,False,False
13599,0,110,2017,113300,True,False,False,False
9990,0,90,2018,65713,True,False,False,False
12990,1,90,2016,63322,True,False,False,False
19990,1,160,2017,157170,True,False,False,False
9900,0,90,2017,150000,True,False,False,False
2700,1,140,2006,213000,True,False,False,False
19990,1,160,2017,157170,True,False,False,False
1500,0,65,2002,140000,True,False,False,False
2750,0,65,2006,270000,True,False,False,False
21217,0,140,2019,27853,False,False,True,False
17050,1,120,2015,22228,False,False,True,False
18803,0,110,2018,82955,True,False,False,False
18880,0,120,2019,68600,True,False,False,False
14990,0,130,2015,155171,True,False,False,False
18800,1,130,2018,44009,False,False,True,False
8499,0,110,2014,156038,True,False,False,False
8999,0,90,2017,195000,True,False,False,False
15490,1,120,2018,90520,False,False,True,False
8990,0,75,2015,116961,True,False,False,False
12980,0,130,2014,85423,True,False,False,False
4990,0,90,2012,215230,True,False,False,False
20458,1,130,2018,78265,False,False,True,False
24950,1,160,2019,15454,False,False,True,False
11490,0,110,2015,114243,True,False,False,False
1500,0,65,1999,188000,True,False,False,False
17790,0,140,2019,86031,False,False,True,False
17790,0,140,2019,86031,False,False,True,False
12690,0,90,2019,136304,True,False,False,False
12690,0,90,2019,136304,True,False,False,False
10490,0,70,2018,63627,False,False,True,False
15525,0,90,2018,26290,False,False,True,False
15525,0,90,2018,26290,False,False,True,False
22900,0,125,2018,46852,True,False,False,False
22900,0,125,2018,46852,True,False,False,False
22900,0,125,2018,46852,True,False,False,False
22900,0,125,2018,46852,True,False,False,False
14875,0,120,2017,87850,False,False,True,False
1500,0,120,2003,160000,True,False,False,False
21263,0,90,2021,16737,False,False,True,False
4500,0,130,2006,174600,True,False,False,False
18800,1,130,2018,44009,False,False,True,False
20900,0,115,2020,53924,True,False,False,False
17710,0,110,2018,87234,True,False,False,False
13900,0,110,2015,65609,True,False,False,False
13900,0,110,2015,65609,True,False,False,False
10990,1,110,2014,79686,True,False,False,False
12990,0,90,2019,6961,False,False,True,False
18745,0,130,2016,60125,False,False,True,False
18975,0,140,2018,16613,False,False,True,False
17768,0,90,2021,11457,False,False,True,False
6000,0,100,2009,138000,False,False,True,False
22885,0,100,2021,42109,False,False,False,False
15490,0,130,2017,34169,False,False,True,False
14990,0,90,2018,50708,True,False,False,False
15490,0,130,2017,34169,False,False,True,False
14990,0,115,2019,80000,True,False,False,False
6990,0,115,2012,114940,False,False,True,False
15990,1,150,2019,60807,False,False,True,False
20688,1,140,2019,30557,False,False,True,False
14990,0,90,2018,50708,True,False,False,False
9800,0,110,2013,90000,True,False,False,False
18170,0,130,2018,111502,True,False,False,False
11990,0,90,2018,135508,True,False,False,False
23460,1,140,2021,14649,False,False,True,False
2400,0,120,2004,190000,True,False,False,False
15690,1,115,2019,52900,True,False,False,False
13628,0,90,2017,97542,True,False,False,False
15690,1,115,2019,52900,True,False,False,False
1400,0,105,2001,150000,True,False,False,False
18055,0,130,2018,55622,True,False,False,False
13110,0,90,2017,48181,False,False,True,False
17495,1,130,2018,108000,True,False,False,False
13685,0,90,2019,65129,False,False,True,False
11990,0,110,2017,125000,True,False,False,False
16990,0,140,2019,54155,False,False,True,False
24950,1,160,2019,15454,False,False,True,False
19435,0,130,2018,21067,False,False,True,False
1850,0,110,2006,230000,False,False,True,False
2499,0,100,2007,199000,False,False,True,False
18258,0,130,2019,36239,False,False,True,False
1100,0,90,2004,290000,True,False,False,False
13490,0,110,2019,169000,True,False,False,False
4990,0,90,2012,215230,True,False,False,False
1650,0,290,2006,175000,False,False,True,False
5500,0,110,2012,210000,True,False,False,False
9490,0,180,2009,130000,True,False,False,False
2000,0,116,2005,244000,False,False,True,False
18500,0,130,2017,25000,False,False,True,False
15000,0,90,2016,60000,False,False,True,False
2999,0,130,2008,279000,True,False,False,False
9200,0,110,2012,120000,True,False,False,False
3799,0,68,2009,244000,True,False,False,False
6000,0,120,2009,17500,True,False,False,False
16500,0,140,2018,105000,False,False,True,False
7999,0,110,2012,152000,True,False,False,False
7500,0,95,2014,97630,True,False,False,False
9900,0,75,2017,118050,True,False,False,False
18000,0,110,2016,48000,True,False,False,False
1550,0,120,2003,261700,True,False,False,False
3700,0,70,2009,244000,True,False,False,False
3800,0,120,2005,168000,True,False,False,False
22000,0,91,2022,6000,False,False,True,False
10890,0,75,2018,104536,True,False,False,False
15390,0,90,2019,84416,True,False,False,False
5990,0,150,2011,270000,True,False,False,False
1199,0,105,2001,240000,True,False,False,False
14790,1,120,2016,104971,False,False,True,False
14390,0,90,2019,89000,True,False,False,False
20690,0,160,2019,89026,False,False,True,False
2999,0,130,2008,280000,True,False,False,False
21500,0,140,2021,58000,False,False,True,False
2800,0,70,2007,287000,True,False,False,False
12990,0,90,2019,37121,False,False,True,False
8290,0,110,2012,105608,True,False,False,False
8290,0,110,2012,105608,True,False,False,False
8290,0,110,2012,105608,True,False,False,False
17590,0,95,2021,30159,True,False,False,False
4024,0,90,2019,189000,True,False,False,False
14990,0,90,2017,93810,False,False,True,False
18227,0,130,2017,62040,False,False,True,False
14490,0,95,2019,103733,True,False,False,False
16290,0,110,2018,58914,True,False,False,False
13788,0,120,2018,118619,False,False,True,False
14990,0,90,2017,93810,False,False,True,False
13110,0,90,2017,48181,False,False,True,False
4800,0,110,2010,205000,True,False,False,False
16599,0,118,2018,55914,False,False,True,False
2500,0,120,2004,151000,True,False,False,False
10890,0,75,2018,88664,True,False,False,False
20450,1,150,2019,19000,False,False,True,False
21900,1,91,2021,7577,False,False,False,True
10890,0,75,2018,88664,True,False,False,False
2250,0,105,2006,240000,True,False,False,False
11500,0,120,2017,127000,False,False,True,False
2999,0,80,2004,64000,True,False,False,False
8990,0,75,2016,85000,True,False,False,False
12490,1,110,2014,115574,True,False,False,False
10990,0,90,2017,114058,True,False,False,False
13990,0,130,2016,40000,False,False,True,False
18227,0,130,2017,62040,False,False,True,False
1600,0,120,2005,277000,True,False,False,False
9890,0,90,2013,56352,False,False,True,False
13788,0,120,2018,118619,False,False,True,False
22770,1,200,2016,60110,False,False,True,False
6000,0,130,2010,160000,True,False,False,False
4300,0,130,2006,256000,True,False,False,False
20125,1,130,2018,40535,False,False,True,False
4500,0,90,2011,228000,True,False,False,False
22690,0,115,2021,39324,True,False,False,False
1250,0,120,2003,260728,True,False,False,False
22770,1,200,2016,60110,False,False,True,False
5900,0,100,2006,90000,False,False,True,False
2900,0,75,2004,150000,False,False,True,False
20450,1,150,2019,19000,False,False,True,False
21900,1,91,2021,7577,False,False,False,True
1800,0,98,2005,135000,False,False,True,False
14480,0,90,2021,49666,False,False,True,False
5500,0,110,2012,260000,True,False,False,False
3200,0,140,2007,193400,False,False,True,False
2500,0,120,2005,250000,True,False,False,False
1000,0,65,2004,239500,True,False,False,False
2300,0,98,2002,218000,False,False,True,False
12100,0,75,2018,27349,True,False,False,False
12100,0,75,2018,27349,True,False,False,False
12100,0,75,2018,27349,True,False,False,False
12100,0,75,2018,27349,True,False,False,False
14990,0,130,2017,85036,True,False,False,False
1000,0,100,1999,249000,True,False,False,False
9200,0,90,2013,66000,False,False,True,False
9000,0,75,2016,114582,True,False,False,False
16990,1,140,2019,115210,False,False,True,False
19490,0,130,2016,124449,True,False,False,False
16995,0,110,2018,96000,True,False,False,False
22000,1,92,2018,69000,False,True,False,False
12990,0,130,2016,89075,False,False,True,False
20125,1,130,2018,40535,False,False,True,False
15990,0,100,2020,10665,False,False,True,False
15990,0,100,2020,10665,False,False,True,False
4000,0,105,2009,226000,True,False,False,False
15990,0,100,2020,10665,False,False,True,False
15237,0,130,2018,147477,False,False,True,False
18400,0,130,2017,41286,False,False,True,False
11490,1,120,2014,114768,False,False,True,False
11490,1,120,2014,114768,False,False,True,False
11490,1,120,2014,114768,False,False,True,False
18990,0,115,2020,37051,True,False,False,False
18990,0,115,2020,37051,True,False,False,False
18990,0,115,2020,37051,True,False,False,False
15237,0,130,2018,147477,False,False,True,False
18400,0,130,2017,41286,False,False,True,False
19435,0,130,2018,21067,False,False,True,False
4800,0,90,2011,180000,True,False,False,False
10790,0,95,2015,73984,True,False,False,False
14590,0,110,2017,95750,True,False,False,False
14590,0,110,2017,95750,True,False,False,False
15590,0,90,2017,58730,False,False,True,False
15590,0,90,2017,58730,False,False,True,False
14590,0,110,2017,95750,True,False,False,False
15590,0,90,2017,58730,False,False,True,False
18990,0,140,2019,40572,False,False,True,False
14900,0,90,2018,87021,True,False,False,False
14900,0,90,2018,87021,True,False,False,False
14900,0,90,2018,87021,True,False,False,False
12480,0,90,2018,86000,True,False,False,False
14900,0,90,2018,87021,True,False,False,False
4200,0,105,2009,217000,True,False,False,False
17998,0,130,2016,89824,True,False,False,False
14087,0,90,2017,107790,True,False,False,False
6690,0,150,2012,244365,True,False,False,False
6690,0,150,2012,244365,True,False,False,False
7990,0,90,2015,142064,True,False,False,False
6690,0,150,2012,244365,True,False,False,False
10190,0,75,2017,104000,True,False,False,False
12990,0,100,2018,115224,False,False,True,False
13450,0,100,2016,70692,False,False,True,False
21290,1,175,2019,87500,True,False,False,False
12990,0,100,2018,115224,False,False,True,False
13450,0,100,2016,70692,False,False,True,False
13990,0,100,2016,52819,False,False,True,False
13990,0,100,2016,52819,False,False,True,False
17998,0,130,2016,89824,True,False,False,False
15990,0,85,2020,32478,True,False,False,False
12990,0,100,2018,115224,False,False,True,False
13450,0,100,2016,70692,False,False,True,False
15990,0,85,2020,32478,True,False,False,False
13990,0,100,2016,52819,False,False,True,False
15990,0,85,2020,32478,True,False,False,False
16450,0,90,2017,59509,False,False,True,False
16450,0,90,2017,59509,False,False,True,False
2990,0,130,2006,207896,True,False,False,False
2990,0,130,2006,207896,True,False,False,False
6490,0,110,2013,163447,True,False,False,False
16450,0,90,2017,59509,False,False,True,False
6490,0,110,2013,163447,True,False,False,False
7490,0,110,2011,154931,True,False,False,False
7490,0,110,2011,154931,True,False,False,False
2990,0,130,2006,207896,True,False,False,False
6490,0,110,2013,163447,True,False,False,False
7490,0,110,2011,154931,True,False,False,False
21290,1,175,2019,87500,True,False,False,False
12950,0,90,2015,87749,False,False,True,False
12950,0,90,2015,87749,False,False,True,False
12950,0,90,2015,87749,False,False,True,False
14087,0,90,2017,107790,True,False,False,False
12990,0,90,2015,72796,False,False,True,False
12990,0,90,2015,72796,False,False,True,False
12990,0,90,2015,72796,False,False,True,False
10500,0,110,2015,125000,True,False,False,False
13490,0,110,2016,39990,True,False,False,False
10490,0,90,2016,17422,False,False,True,False
16990,0,160,2019,60800,False,False,True,False
11990,0,90,2017,69542,False,False,True,False
1600,0,60,2000,210000,False,False,True,False
5800,0,110,2011,250000,True,False,False,False
12490,0,90,2016,88096,True,False,False,False
14490,0,90,2017,84606,True,False,False,False
7690,0,110,2007,16073,False,False,True,False
7690,0,110,2007,16073,False,False,True,False
7690,0,110,2007,16073,False,False,True,False
17135,1,160,2016,124971,True,False,False,False
11490,0,75,2019,101145,True,False,False,False
11490,0,75,2019,101145,True,False,False,False
11490,0,75,2019,101145,True,False,False,False
9990,0,90,2015,132600,True,False,False,False
18990,1,130,2020,29515,False,False,True,False
18990,1,130,2020,29515,False,False,True,False
15490,0,130,2016,30738,False,False,True,False
5690,0,75,2013,134990,True,False,False,False
1999,0,135,2007,255000,False,False,True,False
18990,1,130,2020,29515,False,False,True,False
14990,0,90,2017,72136,True,False,False,False
14990,0,90,2017,72136,True,False,False,False
1000,0,130,2006,235000,True,False,False,False
14990,0,90,2017,72136,True,False,False,False
5990,0,100,2010,129889,False,False,True,False
5990,0,100,2010,129889,False,False,True,False
5990,0,100,2010,129889,False,False,True,False
20490,1,115,2021,25017,True,False,False,False
20490,1,115,2021,25017,True,False,False,False
10190,0,75,2015,86700,False,False,True,False
21990,0,140,2020,20990,False,False,True,False
10190,0,75,2015,86700,False,False,True,False
10190,0,75,2015,86700,False,False,True,False
6190,0,105,2009,158989,True,False,False,False
6190,0,105,2009,158989,True,False,False,False
6190,0,105,2009,158989,True,False,False,False
18258,0,130,2019,36239,False,False,True,False
11800,0,90,2016,181000,True,False,False,False
17990,0,120,2018,26409,False,False,True,False
13490,0,90,2019,36036,False,False,False,False
7990,0,150,2011,174335,True,False,False,False
7990,0,150,2011,174335,True,False,False,False
7990,0,150,2011,174335,True,False,False,False
17290,1,110,2017,59495,True,False,False,False
14490,0,100,2019,29997,False,False,True,False
9990,0,130,2014,138002,True,False,False,False
14990,0,90,2019,25000,False,False,True,False
7990,0,75,2015,126699,False,False,True,False
8490,0,75,2013,84900,False,False,True,False
2500,0,65,2009,275000,True,False,False,False
19500,0,140,2019,59700,False,False,True,False
10390,0,110,2014,146322,True,False,False,False
10390,0,110,2014,146322,True,False,False,False
10390,0,110,2014,146322,True,False,False,False
4990,0,90,2012,216287,True,False,False,False
4990,0,90,2012,216287,True,False,False,False
10790,0,75,2018,137706,True,False,False,False
4990,0,90,2012,216287,True,False,False,False
9850,0,110,2014,159752,True,False,False,False
9850,0,110,2014,159752,True,False,False,False
9850,0,110,2014,159752,True,False,False,False
10800,0,75,2018,83246,True,False,False,False
3200,0,150,2008,200000,True,False,False,False
17135,1,160,2016,124971,True,False,False,False
23890,1,140,2021,46613,False,False,True,False
23990,1,140,2021,51652,False,False,True,False
16990,1,160,2016,90835,True,False,False,False
6250,0,150,2010,300000,True,False,False,False
5500,0,75,2013,232456,True,False,False,False
11690,0,75,2016,68000,True,False,False,False
12990,0,90,2017,90420,True,False,False,False
16990,0,130,2018,29160,True,False,False,False
12700,0,110,2016,66927,True,False,False,False
9290,0,90,2016,80351,False,False,True,False
13990,0,110,2017,116712,True,False,False,False
16490,1,115,2020,56425,True,False,False,False
15990,0,85,2020,53000,True,False,False,False
14990,0,115,2020,24774,True,False,False,False
14390,0,90,2017,64086,True,False,False,False
11490,0,90,2019,41990,False,False,True,False
8990,0,75,2017,98818,True,False,False,False
14490,0,150,2019,141200,True,False,False,False
12990,0,120,2017,75216,False,False,True,False
13990,0,110,2018,81369,True,False,False,False
18490,0,115,2019,71806,True,False,False,False
17990,1,200,2017,77419,False,False,True,False
18990,0,140,2019,57459,False,False,True,False
12990,0,90,2019,41024,False,False,True,False
14990,0,100,2021,9000,False,False,False,False
14990,0,130,2016,34000,False,False,True,False
16990,0,130,2018,56700,False,False,True,False
8790,0,90,2017,140487,True,False,False,False
13990,0,130,2018,81250,False,False,True,False
10990,0,90,2017,88000,False,False,True,False
18990,0,100,2020,27000,False,False,True,False
15490,0,115,2019,40500,False,False,True,False
15990,0,140,2018,38094,False,False,True,False
12490,0,110,2017,122528,True,False,False,False
7990,0,75,2016,149320,True,False,False,False
3000,0,98,2005,150389,False,False,True,False
1900,0,65,2004,229000,True,False,False,False
7900,0,110,2013,214300,True,False,False,False
14900,0,110,2017,112303,True,False,False,False
9990,1,110,2012,92695,True,False,False,False
1300,0,120,2004,238679,True,False,False,False
15990,1,110,2017,115204,True,False,False,False
14990,0,115,2019,53671,True,False,False,False
7990,0,90,2014,107852,False,False,True,False
16490,1,160,2016,143524,True,False,False,False
10990,0,75,2018,87000,True,False,False,False
10990,0,90,2016,95186,False,False,True,False
15990,0,130,2017,27638,False,False,True,False
12890,0,110,2016,106980,True,False,False,False
10490,0,90,2014,127703,True,False,False,False
19890,1,220,2017,106070,False,False,True,False
11990,1,120,2015,99193,False,False,True,False
10990,1,90,2015,157500,True,False,False,False
12990,0,90,2013,21000,False,False,True,False
14990,0,90,2017,98960,True,False,False,False
23490,1,160,2017,101293,True,False,False,False
13490,0,90,2019,36036,False,False,False,False
9490,0,90,2014,83444,True,False,False,False
19490,1,205,2017,60500,False,False,True,False
11490,0,90,2018,92930,False,False,True,False
12990,1,120,2016,81961,False,False,True,False
15490,0,130,2017,53000,False,False,True,False
10990,0,90,2014,60510,True,False,False,False
12990,0,115,2016,66000,False,False,True,False
15990,1,205,2016,123751,False,False,True,False
2000,0,105,2005,245000,True,False,False,False
9790,0,75,2015,39541,False,False,True,False
4000,0,75,2012,138850,False,False,True,False
20990,1,115,2020,14788,True,False,False,False
2150,0,98,2005,143000,False,False,True,False
7200,0,61,1999,194000,True,False,False,False
2400,0,105,2006,246000,True,False,False,False
1900,0,120,2003,153760,True,False,False,False
1300,0,110,2001,268000,False,False,True,False
12990,0,130,2015,116961,True,False,False,False
15985,1,90,2016,69892,True,False,False,False
15985,1,90,2016,69892,True,False,False,False
11890,0,90,2017,112243,True,False,False,False
12990,0,115,2016,125000,False,False,True,False
1100,0,130,2007,300000,True,False,False,False
9490,0,75,2017,67599,False,False,True,False
8990,0,75,2017,45381,False,False,True,False
9500,0,125,2010,300000,True,False,False,False
15490,0,115,2019,40500,False,False,True,False
8900,0,100,2013,213000,True,False,False,False
18990,0,100,2020,27000,False,False,True,False
5000,0,150,2006,78500,True,False,False,False
13490,0,110,2016,149995,True,False,False,False
2300,0,115,2004,170000,False,False,True,False
11790,0,90,2017,78671,False,False,True,False
23000,1,160,2020,33000,True,False,False,False
10900,0,75,2016,147377,True,False,False,False
22500,0,265,2014,68000,False,False,True,False
15990,1,205,2016,123751,False,False,True,False
16990,0,90,2022,7986,False,False,True,False
16890,0,90,2022,8262,False,False,True,False
4500,0,110,2012,232000,True,False,False,False
1400,0,101,2004,300000,True,False,False,False
3100,0,85,2008,192200,True,False,False,False
20990,1,160,2019,56427,False,False,True,False
11490,0,110,2015,114243,True,False,False,False
2150,0,165,2004,180000,False,False,True,False
12999,0,110,2016,59251,True,False,False,False
24490,1,160,2017,72583,True,False,False,False
18975,0,140,2018,16613,False,False,True,False
4500,0,80,2002,62000,True,False,False,False
1450,0,120,2004,243890,True,False,False,False
17900,0,115,2021,30000,True,False,False,False
16790,0,90,2022,7245,False,False,True,False
1400,0,75,2005,257000,True,False,False,False
23990,0,160,2019,9946,False,False,True,False
16900,0,132,2017,59990,False,False,True,False
9995,0,75,2016,49000,False,False,True,False
1500,0,120,2004,189460,True,False,False,False
13790,1,115,2019,90591,True,False,False,False
10000,0,265,2013,84000,False,False,True,False
2999,1,180,2005,160000,True,False,False,False
8500,0,115,2014,126000,False,False,True,False
18245,0,130,2018,41000,False,False,True,False
11500,0,90,2015,76000,True,False,False,False
12995,0,90,2019,50824,False,False,True,False
12995,0,90,2019,50824,False,False,True,False
1500,0,120,2004,295684,True,False,False,False
19990,1,160,2017,124564,True,False,False,False
20799,1,205,2018,77967,False,False,True,False
1500,0,120,2004,195000,True,False,False,False
2999,0,130,2007,245000,True,False,False,False
8500,0,115,2014,151140,False,False,True,False
16800,1,60,2017,37796,False,True,False,False
12490,0,110,2018,141145,True,False,False,False
13940,0,110,2017,104338,True,False,False,False
13940,0,110,2017,104338,True,False,False,False
13940,0,110,2017,104338,True,False,False,False
17300,0,100,2022,8293,True,False,False,False
6290,0,75,2016,220000,True,False,False,False
3500,0,150,2007,198000,True,False,False,False
1400,0,120,2005,150000,True,False,False,False
7700,1,150,2007,83163,True,False,False,False
2999,0,130,2009,299000,True,False,False,False
1700,0,85,2007,201000,True,False,False,False
17990,0,100,2019,26149,False,False,True,False
17990,0,100,2019,26149,False,False,True,False
17990,0,100,2019,26149,False,False,True,False
10990,0,90,2017,53278,True,False,False,False
18800,0,110,2018,77712,True,False,False,False
10500,1,88,2015,65000,False,True,False,False
16900,1,110,2017,144961,True,False,False,False
16900,1,110,2017,144961,True,False,False,False
17300,0,140,2019,93115,False,False,True,False
19600,0,110,2018,48516,True,False,False,False
16990,0,130,2018,56700,False,False,True,False
8790,0,90,2017,140487,True,False,False,False
18630,1,88,2017,49699,False,True,False,False
16990,0,130,2018,140000,True,False,False,False
21990,1,160,2017,121175,True,False,False,False
8900,0,75,2017,135000,True,False,False,False
3800,0,135,2006,160000,True,False,False,False
19500,1,140,2021,32632,False,False,False,True
18800,0,130,2020,29985,False,False,True,False
10800,0,75,2018,139831,True,False,False,False
10000,0,145,2012,200000,True,False,False,False
4000,0,13,2003,260000,True,False,False,False
21000,0,160,2016,119000,True,False,False,False
11490,0,76,2019,43093,False,False,True,False
3900,0,130,2010,270000,True,False,False,False
15490,0,130,2017,53000,False,False,True,False
2690,0,75,2005,126000,False,False,True,False
13600,0,90,2018,139000,True,False,False,False
14990,0,90,2018,53950,True,False,False,False
18630,1,88,2017,49699,False,True,False,False
20300,0,120,2020,129985,True,False,False,False
17590,0,100,2019,15477,False,False,True,False
18190,1,130,2017,71228,False,False,True,False
17590,0,100,2019,15477,False,False,True,False
18860,0,130,2016,67222,True,False,False,False
17300,0,140,2019,96024,False,False,True,False
24300,0,130,2019,115986,True,False,False,False
16000,0,115,2011,114000,True,False,False,False
1990,0,65,2004,189000,True,False,False,False
11990,0,75,2017,55167,True,False,False,False
16390,0,130,2018,120660,True,False,False,False
8250,0,75,2015,140000,True,False,False,False
21800,1,108,2020,15745,False,True,False,False
11800,0,90,2014,65000,False,False,True,False
10890,0,75,2018,58495,True,False,False,False
12500,0,100,2005,163159,True,False,False,False
9490,0,90,2014,83444,True,False,False,False
7000,0,110,2012,180000,True,False,False,False
15300,0,95,2019,62604,True,False,False,False
4400,0,68,2012,286000,True,False,False,False
5900,0,65,2010,65000,True,False,False,False
1500,0,120,1999,141000,False,False,True,False
6000,0,65,2011,230000,True,False,False,False
12800,1,92,2019,48500,False,False,True,False
17300,1,110,2018,127064,True,False,False,False
1900,0,120,2005,245000,True,False,False,False
19000,0,115,2020,12000,True,False,False,False
24000,0,140,2021,45400,False,False,False,True
9000,0,130,2013,165000,True,False,False,False
12499,1,110,2016,157700,True,False,False,False
3500,0,135,2006,178000,True,False,False,False
2000,0,135,2004,118000,True,False,False,False
4500,0,130,2007,133000,True,False,False,False
2850,0,120,2006,215000,True,False,False,False
1700,0,80,2006,240000,True,False,False,False
2300,0,80,2003,226000,True,False,False,False
17000,0,132,2017,60000,False,False,True,False
21263,0,90,2021,16737,False,False,True,False
3100,0,110,2010,244000,True,False,False,False
12990,0,115,2015,60081,False,False,True,False
13500,1,88,2016,120000,False,True,False,False
12800,0,90,2019,58000,False,False,True,False
16990,0,90,2022,7611,False,False,True,False
22885,0,130,2017,65411,True,False,False,False
22885,0,130,2017,65411,True,False,False,False
11900,0,90,2013,61000,True,False,False,False
23490,1,160,2017,101293,True,False,False,False
12600,0,75,2017,98930,True,False,False,False
3150,0,60,2006,125000,False,False,True,False
17990,1,200,2017,77419,False,False,True,False
1000,0,120,2004,190000,True,False,False,False
2199,0,120,2001,130000,True,False,False,False
18990,1,90,2018,44230,True,False,False,False
10500,0,75,2017,144736,True,False,False,False
10500,0,75,2017,144736,True,False,False,False
13890,0,90,2018,124919,True,False,False,False
2300,0,60,2000,221000,True,False,False,False
13990,0,110,2018,81369,True,False,False,False
14490,0,150,2019,141200,True,False,False,False
12590,0,75,2017,45690,True,False,False,False
12590,0,75,2017,45690,True,False,False,False
12590,0,75,2017,45690,True,False,False,False
16190,0,115,2019,40193,True,False,False,False
12790,0,100,2016,63277,False,False,True,False
14990,0,90,2015,80643,True,False,False,False
2500,0,75,2004,111200,False,False,True,False
14990,0,90,2015,80643,True,False,False,False
8200,0,150,2012,241240,True,False,False,False
11100,0,90,2018,120546,True,False,False,False
13890,0,90,2018,124919,True,False,False,False
13890,0,90,2018,124919,True,False,False,False
11100,0,90,2018,120546,True,False,False,False
13890,0,90,2018,124919,True,False,False,False
11100,0,90,2018,120546,True,False,False,False
11100,0,90,2018,120546,True,False,False,False
23403,0,115,2020,41709,True,False,False,False
23403,0,115,2020,41709,True,False,False,False
6200,0,110,2004,78500,False,False,True,False
9995,0,95,2015,98149,True,False,False,False
18990,1,92,2018,48429,False,True,False,False
12490,0,90,2018,93753,True,False,False,False
16495,0,120,2016,49261,False,False,True,False
1900,0,105,2007,285000,True,False,False,False
18990,1,92,2018,48429,False,True,False,False
21290,1,115,2020,36451,True,False,False,False
21950,1,160,2016,130000,True,False,False,False
9700,0,90,2017,141351,True,False,False,False
9700,0,90,2017,141351,True,False,False,False
9700,0,90,2017,141351,True,False,False,False
9700,0,90,2017,141351,True,False,False,False
4999,0,110,2000,66000,False,False,True,False
22885,0,100,2021,42109,False,False,False,False
15990,0,90,2022,11865,False,False,True,False
16490,0,90,2022,7823,False,False,True,False
2300,0,130,2006,241000,True,False,False,False
3900,0,80,2006,119000,True,False,False,False
2499,0,120,2005,212000,True,False,False,False
17650,0,125,2018,131282,True,False,False,False
5850,0,75,2014,151000,True,False,False,False
9300,1,110,2015,214000,True,False,False,False
16390,0,90,2019,24279,False,False,True,False
20890,1,160,2016,82920,True,False,False,False
15390,0,85,2020,32388,True,False,False,False
12290,0,110,2018,132391,True,False,False,False
2200,0,130,2005,260000,True,False,False,False
21275,1,160,2016,105464,True,False,False,False
21275,1,160,2016,105464,True,False,False,False
16300,0,110,2018,140000,True,False,False,False
21900,0,250,2011,61888,False,False,True,False
21900,0,250,2011,61888,False,False,True,False
8450,0,75,2016,152226,True,False,False,False
15690,0,140,2019,110129,False,False,True,False
14835,0,90,2018,35448,False,False,True,False
14835,0,90,2018,35448,False,False,True,False
24490,1,160,2017,72583,True,False,False,False
3800,0,130,2011,285000,True,False,False,False
19899,0,115,2022,35840,True,False,False,False
2400,0,120,2004,121000,True,False,False,False
2400,0,120,2005,198600,True,False,False,False
15600,1,130,2019,145622,True,False,False,False
16560,0,90,2017,82038,True,False,False,False
22195,0,100,2021,9582,False,False,False,False
22195,0,100,2021,9582,False,False,False,False
15490,0,110,2017,111613,True,False,False,False
15490,0,110,2017,111613,True,False,False,False
21000,0,145,2019,94000,True,False,False,False
18790,0,110,2017,99000,True,False,False,False
11900,0,115,2015,120000,False,False,True,False
14938,0,130,2016,100145,False,False,True,False
14938,0,130,2016,100145,False,False,True,False
3500,0,68,2007,289000,True,False,False,False
10400,0,75,2019,121895,True,False,False,False
15180,0,90,2019,83513,True,False,False,False
10400,0,75,2019,121895,True,False,False,False
10400,0,75,2019,121895,True,False,False,False
10400,0,75,2019,121895,True,False,False,False
10490,0,90,2014,127703,True,False,False,False
15490,0,110,2017,111613,True,False,False,False
15490,0,110,2017,111613,True,False,False,False
6000,0,105,2009,143000,False,False,True,False
1300,0,130,2007,270000,True,False,False,False
20990,0,140,2020,39334,False,False,True,False
12890,0,110,2016,106980,True,False,False,False
15990,0,130,2017,27638,False,False,True,False
1400,0,65,2003,203000,True,False,False,False
8500,0,115,2015,140000,False,False,True,False
9490,0,90,2015,105637,False,False,True,False
1000,0,135,2003,240000,False,False,True,False
23460,1,140,2021,14649,False,False,True,False
1850,0,65,2002,212000,True,False,False,False
1250,0,105,2003,300000,True,False,False,False
12350,0,110,2017,83440,True,False,False,False
18975,0,110,2017,57442,True,False,False,False
3500,0,150,2007,29900,True,False,False,False
20500,0,100,2020,18089,False,False,True,False
20500,0,100,2020,18089,False,False,True,False
20500,1,130,2017,47000,True,False,False,False
10000,0,110,2014,92000,True,False,False,False
17590,1,160,2017,128400,True,False,False,False
15725,0,200,2007,107000,False,False,True,False
1500,0,75,2003,200000,False,False,True,False
12850,0,90,2015,72900,True,False,False,False
5000,0,131,2009,275000,True,False,False,False
16500,1,160,2017,98000,True,False,False,False
12850,0,90,2015,72900,True,False,False,False
3000,0,105,2007,240000,True,False,False,False
15590,0,110,2017,124000,True,False,False,False
1500,0,110,2003,171000,True,False,False,False
13685,0,90,2019,65129,False,False,True,False
16590,1,160,2017,139000,True,False,False,False
14500,0,132,2017,45000,False,False,True,False
1999,0,136,2004,163000,False,False,True,False
16490,1,160,2016,143524,True,False,False,False
3875,0,70,2010,257000,True,False,False,False
20990,1,115,2020,14788,True,False,False,False
20900,0,115,2020,53924,True,False,False,False
8950,0,75,2014,65500,False,False,True,False
8950,0,75,2014,65500,False,False,True,False
9290,0,90,2016,80351,False,False,True,False
2000,0,120,2003,177000,True,False,False,False
6400,0,120,2007,300000,True,False,False,False
1500,0,120,2004,250000,True,False,False,False
3500,0,110,2004,217128,False,False,True,False
3750,0,136,2005,270000,False,False,True,False
15390,0,90,2021,55029,False,False,True,False
2999,0,100,2003,130000,True,False,False,False
12990,0,110,2016,135000,True,False,False,False
12990,0,110,2016,135000,True,False,False,False
11990,0,110,2015,99982,True,False,False,False
11990,0,110,2015,99982,True,False,False,False
11990,0,110,2015,99982,True,False,False,False
11990,0,110,2015,99982,True,False,False,False
2300,0,110,2007,233000,True,False,False,False
14990,0,90,2019,36309,False,False,True,False
11900,0,110,2014,140000,True,False,False,False
18630,0,140,2019,8017,False,False,True,False
18630,0,140,2019,8017,False,False,True,False
9699,0,110,2013,109174,True,False,False,False
4900,0,68,2011,254600,True,False,False,False
10650,1,150,2012,174720,True,False,False,False
10650,1,150,2012,174720,True,False,False,False
5000,0,101,2012,130000,False,False,True,False
3799,0,105,2009,286000,True,False,False,False
11900,0,75,2018,102880,True,False,False,False
11900,0,75,2018,102880,True,False,False,False
11900,0,75,2018,102880,True,False,False,False
11900,0,75,2018,102880,True,False,False,False
11990,0,90,2016,70000,False,False,True,False
2500,0,75,2004,111000,False,False,True,False
15890,0,130,2018,127563,True,False,False,False
11731,0,110,2015,110000,True,False,False,False
18170,0,130,2018,111502,True,False,False,False
1700,0,65,2003,136000,True,False,False,False
9490,0,75,2017,118375,True,False,False,False
1300,0,110,2000,300000,True,False,False,False
20930,0,100,2020,59453,False,False,False,False
9990,0,71,2018,61620,False,False,True,False
20930,0,100,2020,59453,False,False,False,False
13990,1,110,2018,114051,True,False,False,False
13790,1,115,2019,90591,True,False,False,False
9990,0,75,2018,118000,True,False,False,False
21400,1,110,2018,46360,True,False,False,False
8500,0,75,2018,101000,True,False,False,False
21400,1,110,2018,46360,True,False,False,False
21400,1,110,2018,46360,True,False,False,False
21400,1,110,2018,46360,True,False,False,False
4000,0,75,2012,199380,True,False,False,False
15650,0,130,2016,147300,True,False,False,False
15990,1,110,2017,115204,True,False,False,False
15650,0,130,2016,147300,True,False,False,False
21880,0,90,2022,6600,False,False,True,False
7900,0,110,2016,152000,True,False,False,False
17900,1,200,2018,85200,False,False,True,False
24990,1,108,2020,21000,False,True,False,False
7490,0,110,2014,166476,True,False,False,False
20490,0,95,2021,29850,True,False,False,False
21620,0,115,2019,43036,True,False,False,False
14990,1,110,2018,102767,True,False,False,False
18490,0,140,2019,44900,False,False,True,False
14890,0,90,2019,108857,True,False,False,False
12990,0,115,2016,125000,False,False,True,False
14490,0,130,2017,83390,True,False,False,False
14990,1,110,2018,102767,True,False,False,False
12490,0,120,2017,64340,False,False,True,False
22999,0,120,2017,60000,True,False,False,False
22999,0,120,2017,60000,True,False,False,False
1700,0,120,2004,200000,True,False,False,False
12900,0,75,2018,55699,True,False,False,False
10990,0,75,2018,54845,True,False,False,False
15390,0,115,2019,116000,True,False,False,False
12490,0,110,2018,88000,True,False,False,False
8990,0,95,2015,107000,True,False,False,False
5000,0,130,2006,140000,True,False,False,False
13990,0,75,2019,106737,True,False,False,False
14800,0,110,2018,91591,True,False,False,False
3500,0,130,2007,206000,True,False,False,False
11890,0,90,2017,112243,True,False,False,False
16990,0,230,2007,173000,False,False,True,False
10250,0,75,2017,50000,False,False,True,False
20000,0,125,2016,219000,True,False,False,False
2200,0,120,2003,188000,True,False,False,False
12390,0,130,2017,175000,True,False,False,False
14990,0,101,2020,38381,False,False,True,False
18900,0,140,2018,24000,False,False,True,False
1100,0,90,2002,260000,True,False,False,False
14490,0,90,2017,75350,True,False,False,False
10000,0,130,2012,30600,True,False,False,False
15900,0,90,2019,50562,True,False,False,False
15900,0,90,2019,50562,True,False,False,False
15900,0,90,2019,50562,True,False,False,False
15900,0,90,2019,50562,True,False,False,False
21217,0,140,2019,27853,False,False,True,False
15799,0,115,2019,60950,True,False,False,False
21800,1,160,2017,107935,True,False,False,False
21990,0,95,2018,120000,True,False,False,False
14990,0,101,2020,38381,False,False,True,False
13990,0,90,2018,71154,True,False,False,False
13990,0,90,2018,71154,True,False,False,False
15190,0,110,2018,104000,True,False,False,False
18700,0,130,2018,110000,True,False,False,False
17990,0,120,2017,77000,True,False,False,False
12000,1,88,2013,129000,False,True,False,False
15000,0,90,2018,70000,True,False,False,False
16433,0,110,2018,83185,True,False,False,False
12990,0,90,2015,106321,True,False,False,False
7480,0,70,2015,75100,False,False,True,False
16433,0,110,2018,83185,True,False,False,False
3000,0,105,2005,203895,True,False,False,False
8900,0,75,2017,133529,True,False,False,False
12400,0,110,2018,89689,True,False,False,False
8900,0,75,2017,133529,True,False,False,False
12400,0,110,2018,89689,True,False,False,False
12600,0,90,2017,120733,True,False,False,False
18900,0,95,2020,56143,True,False,False,False
8900,0,75,2017,133529,True,False,False,False
12400,0,110,2018,89689,True,False,False,False
12600,0,90,2017,120733,True,False,False,False
18900,0,95,2020,56143,True,False,False,False
12600,0,90,2017,120733,True,False,False,False
18900,0,95,2020,56143,True,False,False,False
17890,0,95,2018,105000,True,False,False,False
8900,0,75,2017,133529,True,False,False,False
12400,0,110,2018,89689,True,False,False,False
12600,0,90,2017,120733,True,False,False,False
18900,0,95,2020,56143,True,False,False,False
1200,0,65,2003,225499,True,False,False,False
20458,1,130,2018,78265,False,False,True,False
5200,0,110,2011,220000,True,False,False,False
13990,0,90,2017,26000,True,False,False,False
8990,0,90,2016,92278,False,False,True,False
1300,0,95,1999,175000,False,False,True,False
12990,0,90,2015,106321,True,False,False,False
7480,0,70,2015,75100,False,False,True,False
10990,1,130,2015,88305,False,False,True,False
19490,1,160,2018,158697,True,False,False,False
18099,0,130,2017,76000,False,False,True,False
14790,0,75,2019,110042,True,False,False,False
14490,0,75,2019,98323,True,False,False,False
14690,0,75,2019,89962,True,False,False,False
13990,0,75,2019,98173,True,False,False,False
12990,0,75,2019,121237,True,False,False,False
13690,0,75,2019,110657,True,False,False,False
10190,0,90,2017,107000,True,False,False,False
13490,0,90,2017,66541,True,False,False,False
19900,1,150,2018,49821,False,False,True,False
19900,1,150,2018,49821,False,False,True,False
19900,1,150,2018,49821,False,False,True,False
19900,1,150,2018,49821,False,False,True,False
20500,1,160,2017,110169,True,False,False,False
7990,0,110,2011,154931,True,False,False,False
19490,1,160,2018,158697,True,False,False,False
20500,1,160,2017,110169,True,False,False,False
20500,1,160,2017,110169,True,False,False,False
20500,1,160,2017,110169,True,False,False,False
2000,0,105,2006,250000,True,False,False,False
18990,0,160,2019,34000,False,False,True,False
7990,0,90,2015,130879,True,False,False,False
10190,0,90,2017,107000,True,False,False,False
14990,0,115,2019,72613,True,False,False,False
2100,0,85,2005,2000,True,False,False,False
16490,0,130,2017,69374,True,False,False,False
16490,0,130,2017,69374,True,False,False,False
7950,0,110,2014,142000,True,False,False,False
13490,0,75,2019,120331,True,False,False,False
8990,0,95,2015,138630,True,False,False,False
12990,0,160,2011,107344,True,False,False,False
12990,0,160,2011,107344,True,False,False,False
8480,0,70,2017,38690,False,False,True,False
16990,0,140,2018,53349,False,False,True,False
19990,1,130,2017,31724,False,False,True,False
10490,0,90,2017,97696,False,False,True,False
3100,0,130,2007,264376,True,False,False,False
13990,0,130,2018,119700,True,False,False,False
14490,0,90,2017,29990,True,False,False,False
2000,0,130,2007,214000,True,False,False,False
6000,0,105,2006,180500,True,False,False,False
18745,0,130,2016,60125,False,False,True,False
